rphoto (0.4.4-2) stable; urgency=low

  * Added ru and cs translations

 -- Remi Peyronnet <remi+debian@via.ecp.fr>  Sat, 30 Dec 2017 19:45:07 +0200

rphoto (0.4.4-2ppa6) xenial; urgency=low

  * Added ru and cs translations

 -- Remi Peyronnet <remi+debian@via.ecp.fr>  Sat, 30 Dec 2017 19:45:07 +0200

rphoto (0.4.4-2ppa4) xenial; urgency=low

  * Update PPA for Xenial

 -- Remi Peyronnet <remi+debian@via.ecp.fr>  Sat, 4 Jun 2016 19:45:07 +0200

rphoto (0.4.4-2) stable; urgency=low

  * Released 0.4.4 ; see changelog dor details 

 -- Remi Peyronnet <remi+debian@via.ecp.fr>  Sat, 19 Sep 2015 19:45:07 +0200

rphoto (0.4.4-1ppa1) trusty; urgency=low

  * Updated PPA 

 -- Remi Peyronnet <remi+debian@via.ecp.fr>  Sat, 19 Sep 2015 19:45:07 +0200

rphoto (0.4.3-1ubuntu3) quantal; urgency=low

  * PPA packaging
  * See local ChangeLog for details

 -- Remi Peyronnet <remi+debian@via.ecp.fr>  Sat, 08 Jun 2013 15:45:00 +0000
 
rphoto (0.4.3-1) stable; urgency=low

  * See local ChangeLog for details

 -- Remi Peyronnet <remi+debian@via.ecp.fr>  Sat, 08 Jun 2013 15:45:00 +0000
 
rphoto (0.4-2) jaunty; urgency=low

  * See local ChangeLog for details

 -- Remi Peyronnet <remi+debian@via.ecp.fr>  Sat, 28 Jul 2012 17:38:00 +0000
 
rphoto (0.4-1) stable; urgency=low

  * Added guide ratio feature.
  * Fixed bugs.
  See local ChangeLog for details

 -- Remi Peyronnet <remi+debian@via.ecp.fr>  Sun, 27 Apr 2012 16:48:00 +0000
 
rphoto (0.4-0) jaunty; urgency=low

  * Added resize feature. See local ChangeLog for details

 -- Remi Peyronnet <remi+debian@via.ecp.fr>  Sun, 18 Oct 2009 17:58:00 +0000
 
rphoto (0.3-2) hardy; urgency=low

  * Minor bugfixes and features. See local ChangeLog for details

 -- Remi Peyronnet <remi+debian@via.ecp.fr>  Mon, 29 Sept 2008 12:24:23 +0000
 
rphoto (0.2-1) unstable; urgency=low

  * Initial debian release.

 -- Remi Peyronnet <remi+debian@via.ecp.fr>  Sat, 06 Mar 2005 18:08:23 +0000
